{"cameraMode":{"drawMode":0,"name":"Shaded","section":"Shading Mode"},"sceneLighting":true,"audioPlay":false,"sceneViewState":{"m_AlwaysRefresh":false,"showFog":true,"showSkybox":true,"showFlares":true,"showImageEffects":true,"showParticleSystems":true,"showVisualEffectGraphs":true,"m_FxEnabled":true},"in2DMode":false,"pivot":{"x":-28.114761352539064,"y":26.698015213012697,"z":-16.355030059814454},"rotation":{"x":0.5038034915924072,"y":-0.002606687368825078,"z":0.001520640915259719,"w":0.863811731338501},"size":0.2093307375907898,"orthographic":false}